<?xml version="1.0" encoding="utf-8"?>
<extension type="module" version="3.4" method="upgrade">
    <name>Helion Losowa Książka</name>
    <creationDate>March 2014</creationDate>
    <author>Marek Dzimiera</author>
    <version>3.4.5</version>
    <description>Moduł wyświetlający losowo jedną z książek spośród wskazanych przez ciebie pozycji.</description>
    <files>
        <filename>mod_helion_losowa_ksiazka.xml</filename>
        <filename module="mod_helion_losowa_ksiazka">mod_helion_losowa_ksiazka.php</filename>
        <filename>index.html</filename>
        <filename>helper.php</filename>
        <filename>tmpl/default.php</filename>
        <filename>tmpl/index.html</filename>
        <filename>css/mod_helion_losowa_ksiazka.css</filename>
    </files>
	<config>
		<fields name="params">
            <fieldset name="basic">
				<field
                    name="partner"
                    type="text"
                    default="1234k"
                    label="Identyfikator partnera:"
                    description="5-znakowy identyfikator partnera programu" />
                                <field
                    name="cyfra"
                    type="text"
                    default=""
                    label="Cyfra:"
                    description="To dodatkowy parametr, dzięki któremu możesz zbadać skuteczność kampanii. Jeśli
prowadzisz dwie strony, na jednej możesz ustawić cyfrę 1, a na drugiej cyfrę 2 i gdy ktoś
dokona zakupu, dostaniesz maila, w którym oprócz informacji o zakupach zostanie
przekazana ta cyfra i dzięki temu będziesz wiedział, z jakiej strony został dokonany zakup.
Jeśli nie chcesz korzystać z tego parametru, pozostaw puste pole." />
				<field
                    name="helion"
                    type="textarea"
                    default=""
                    label="Helion:"
                    description="5-6 znakowe identyfikatory książek oddzielone spacjami, przecinkami lub średnikami. Znajdziesz je na końcu adresów URL w księgarniach. Np. jeśli adres to http://helion.pl/ksiazki/wstep-do-html5-i-css3-bartosz-danowski,wshtcs.htm - identyfikatorem będzie wshtcs" />
				<field
                    name="onepress"
                    type="textarea"
                    default=""
                    label="Onepress:"
                    description="5-6 znakowe identyfikatory książek oddzielone spacjami, przecinkami lub średnikami. Znajdziesz je na końcu adresów URL w księgarniach. Np. jeśli adres to http://helion.pl/ksiazki/wstep-do-html5-i-css3-bartosz-danowski,wshtcs.htm - identyfikatorem będzie wshtcs" />
		<field
                    name="sensus"
                    type="textarea"
                    default=""
                    label="Sensus:"
                    description="5-6 znakowe identyfikatory książek oddzielone spacjami, przecinkami lub średnikami. Znajdziesz je na końcu adresów URL w księgarniach. Np. jeśli adres to http://helion.pl/ksiazki/wstep-do-html5-i-css3-bartosz-danowski,wshtcs.htm - identyfikatorem będzie wshtcs" />
		<field
                    name="septem"
                    type="textarea"
                    default=""
                    label="Septem:"
                    description="5-6 znakowe identyfikatory książek oddzielone spacjami, przecinkami lub średnikami. Znajdziesz je na końcu adresów URL w księgarniach. Np. jeśli adres to http://helion.pl/ksiazki/wstep-do-html5-i-css3-bartosz-danowski,wshtcs.htm - identyfikatorem będzie wshtcs" />
		<field
                    name="ebookpoint"
                    type="textarea"
                    default=""
                    label="Ebookpoint:"
                    description="5-6 znakowe identyfikatory książek oddzielone spacjami, przecinkami lub średnikami. Znajdziesz je na końcu adresów URL w księgarniach. Np. jeśli adres to http://helion.pl/ksiazki/wstep-do-html5-i-css3-bartosz-danowski,wshtcs.htm - identyfikatorem będzie wshtcs" />
                <field
                    name="bezdroza"
                    type="textarea"
                    default=""
                    label="Bezdroża:"
                    description="5-6 znakowe identyfikatory książek oddzielone spacjami, przecinkami lub średnikami. Znajdziesz je na końcu adresów URL w księgarniach. Np. jeśli adres to http://helion.pl/ksiazki/wstep-do-html5-i-css3-bartosz-danowski,wshtcs.htm - identyfikatorem będzie wshtcs" />
                <field
                    name="videopoint"
                    type="textarea"
                    default=""
                    label="Videopoint:"
                    description="5-6 znakowe identyfikatory kursów oddzielone spacjami, przecinkami lub średnikami. Znajdziesz je na końcu adresów URL w księgarniach. Np. jeśli adres to http://videopoint.pl/kurs/asp-net-mvc-kurs-video-poziom-pierwszy-programowanie-aplikacji-internetowych-marek-stabla,aspnet.htm - identyfikatorem będzie aspnet" />
		<field
                    name="okladka"
                    type="list"
                    label="Rozmiar okładki:"
					default="120x156"
                    description="Rozmiar okładki w pikselach">
					<option value="65x85">65x85</option>
					<option value="72x95">72x95</option>
					<option value="88x115">88x115</option>
					<option value="90x119">90x119</option>
					<option value="120x156">120x156</option>
					<option value="125x163">125x163</option>
					<option value="181x236">181x236</option>
					<option value="326x466">326x466</option>
		</field>
                <field
                    name="czy_cena"
                    type="list"
                    label="Pokaż cenę:"
					default="1"
                    description="Wyświetlanie ceny pozycji">
					<option value="0">Nie</option>
					<option value="1">Tak</option>
		</field>
                <field
                    name="czy_autor"
                    type="list"
                    label="Pokaż autora:"
					default="1"
                    description="Wyświetlanie autora">
					<option value="0">Nie</option>
					<option value="1">Tak</option>
		</field>
                <field
                    name="czy_znizka"
                    type="list"
                    label="Pokaż zniżkę:"
					default="1"
                    description="Wyświetlanie zniżki w procentach">
					<option value="0">Nie</option>
					<option value="1">Tak</option>
				</field>
                <field
                    name="czy_marka"
                    type="list"
                    label="Pokaż markę:"
					default="1"
                    description="Wyświetlanie nazwy marki">
					<option value="0">Nie</option>
					<option value="1">Tak</option>
		</field>
                <field
                    name="czy_status"
                    type="list"
                    label="Pokaż status:"
					default="1"
                    description="Wyświetlanie statusu dostępności">
					<option value="0">Nie</option>
					<option value="1">Tak</option>
		</field>
                <field
                    name="czy_typ"
                    type="list"
                    label="Pokaż typ:"
					default="1"
                    description="Wyświetlanie typu pozycji">
					<option value="0">Nie</option>
					<option value="1">Tak</option>
		</field>
                <field
                    name="czy_ean"
                    type="list"
                    label="Pokaż EAN:"
					default="1"
                    description="Wyświetlanie EAN pozycji">
					<option value="0">Nie</option>
					<option value="1">Tak</option>
		</field>
                <field
                    name="czy_isbn"
                    type="list"
                    label="Pokaż ISBN:"
					default="1"
                    description="Wyświetlanie ISBN pozycji">
					<option value="0">Nie</option>
					<option value="1">Tak</option>
		</field>
			</fieldset>
		</fields>
	</config>
</extension>
